vehicle_model,battery_capacity_kwh,charging_station_id,charging_station_location,energy_consumed_kwh,charging_duration_hours,charging_rate_kw,time_of_day,day_of_week,state_of_charge_start_,state_of_charge_end_,distance_driven_since_last_charge_km,temperature_c,charger_type,user_type,station_name,operator
TATA Tiago,108.4630074,Station_391,"Mulund West, Mumbai",60.71234573,1.67,36.38918057,Evening,Tuesday,29.37157598,86.11996244,293.6021106,27.94795306,DC Fast Charger,Commuter,ATUM Charge - Mulund,ATUM
Hyundai Kona,50,Station_327,"Juhu Tara Rd, Near Juhu Beach, Mumbai, Maharashtra",79.45782399,2.42,32.88286976,Evening,Saturday,83.12000296,99.62432763,199.5777845,38.31631316,Level 1,Long-Distance Traveler,EV Point - Juhu,EV Point
MG Comet,85,Station_162,"Ambernath Station, Thane",36.86213999,1.41,26.18518786,Evening,Friday,60.75178076,70.7960969,81.33800891,27.55133468,Level 2,Commuter,ChargeZone - Ambernath,ChargeZone
TATA Curvv,75,Station_327,"IOCL Sahara Hospitality, Vile Parle, opp. Domestic Airport, Navpada, Vile Parle East, Vile Parle, Mumbai, Maharashtra 400099",16.56106433,0.84,19.76909872,Morning,Friday,25.77541539,69.2012291,159.2316102,34.11034864,Level 2,Commuter,Tata Power,
TATA Tiago,85,Station_96,"Plot No, P. N. 1207, CADELL RD. MUMBAI, PRABHADEVI CADEL RD., MUMBAI - 400022",12.92754529,0.53,24.21115012,Afternoon,Monday,71.68354384,63.70663794,155.3606054,39.50544569,Level 1,Casual Driver,"IOCL - COCO, Prabhadevi",
TATA Nexon,100,Station_150,"Borivali East, Mumbai",27.60438468,2.46,11.23853863,Morning,Wednesday,65.48688658,65.35209627,173.4715265,35.97782192,Level 1,Long-Distance Traveler,EVteQ - Borivali,EVteQ
MG Comet,75,Station_361,"Atria Mall, Dr Annie Besant Rd, Worli, Mumbai",43.48775122,1.2,36.18237188,Afternoon,Thursday,88.74847907,87.824029,80.91266512,29.87220987,Level 1,Commuter,Magenta ChargeGrid - Worli,Magenta
TATA Nexon,62,Station_211,"157, Jeevan Bima Marg, Backbay Reclamation, Churchgate, Mumbai, Maharashtra 400020, India",60.06708509,7.85,7.651570047,Afternoon,Monday,22.88146663,51.43427868,46.35755886,13.99159748,Level 2,Casual Driver,HP Super Service DC Charging Station,
MG Comet,75,Station_402,"Dr Ambedkar Rd, Parel, Mumbai",57.72437946,12.87,4.485647105,Afternoon,Friday,41.87247964,79.64797277,157.614654,28.42980738,DC Fast Charger,Long-Distance Traveler,VoltaPoint - Parel,VoltaPoint
TATA Curvv,100,Station_23,"Sakinaka Junction, Andheri East, Mumbai",68.17785004,2.92,23.31161908,Morning,Thursday,17.04042002,56.07865101,130.3760138,-3.191455366,Level 2,Long-Distance Traveler,EVteQ - Sakinaka,EVteQ
TATA Nexon,100,Station_461,"527, Building No-2, SRA Cooperative Society, Prabhadevi, near Ahuja Towers, Mumbai",39.39874236,1.93,20.46036487,Morning,Saturday,28.25229826,96.28709224,111.0165395,19.78108389,Level 2,Commuter,VoltaPoint Charging Station,VoltaPoint
TATA Tiago,85,Station_391,"Oshiwara Police Station Lane, Andheri West, Mumbai",12.04931971,0.41,29.46894436,Night,Saturday,36.63685216,66.97610432,83.24522143,39.41613092,Level 1,Commuter,Magenta ChargeGrid - Oshiwara,Magenta
MG Comet,100,Station_185,"Juhu Tara Rd, Near Juhu Beach, Mumbai",17.76943641,0.52,34.45824194,Evening,Thursday,27.69749249,70.51026725,166.311463,19.70335918,DC Fast Charger,Casual Driver,ChargeAndDrive - Juhu,Fortum
TATA Curvv,62,Station_130,"Juhu Tara Rd, Near Juhu Beach, Mumbai",77.86372676,1.65,47.1540098,Afternoon,Saturday,56.91742176,57.46568225,129.3894111,38.46677945,DC Fast Charger,Casual Driver,ChargeAndDrive - Juhu,Fortum
TATA Curvv,100,Station_378,"CR - Lokmanya Tilak Station, Kurla, Outside Platform 1, Beside LTT Pay and Park, LTT Station, Pipeline Rd, Tilak Nagar, Kurla, Mumbai, Maharashtra 400089",71.28000416,1.75,40.61639923,Evening,Wednesday,26.15659795,89.92458853,140.4652132,33.05773081,Level 2,Casual Driver,Tata Power,
TATA Curvv,62,Station_97,"Near Infiniti Mall, Andheri West, Mumbai",21.82768818,0.82,26.50712322,Evening,Tuesday,33.25598509,51.50113227,48.04438716,38.65644396,Level 1,Casual Driver,Kazam - Andheri West,Kazam
Hyundai Kona,40.2,Station_87,"Sion East, Near Sion Hospital, Mumbai",46.195137,0.96,47.87752356,Afternoon,Sunday,53.00518533,59.90164627,25.02725726,6.171256709,Level 2,Commuter,Volttic - Sion,Volttic
TATA Tiago,62,Station_208,"Western Express Hwy, Yashodham, Goregaon, Mumbai, Maharashtra 400063",59.25460166,,26.50712322,Night,Thursday,77.03697399,91.82927487,167.2975728,35.27145069,Level 2,Long-Distance Traveler,"Oberoi Mall, Goregaon",
TATA Tiago,50,Station_35,"Marol Naka Metro Station, Mumbai",67.00568214,16.37,4.092360865,Night,Monday,57.67766075,57.11286225,276.3684303,-2.724902766,Level 1,Long-Distance Traveler,Statiq - Marol Naka,Statiq
Hyundai Kona,75,Station_67,"Phoenix Mills Compound, Lower Parel, Mumbai",61.13047583,2.63,23.28180496,Evening,Saturday,34.89904375,92.35566117,58.85531552,7.662649709,DC Fast Charger,Long-Distance Traveler,Statiq - Parel,Statiq
Hyundai Kona,85,Station_34,"TTC Industrial Area, MIDC Industrial Area, Sanpada, Navi Mumbai",69.16916706,12.45,5.557358509,Afternoon,Wednesday,41.08904487,74.39951853,276.5748192,20.01432447,Level 1,Casual Driver,Magenta House - Mumbai,
TATA Tiago,100,Station_151,"Kohinoor Square, Kasaravadi, Dadar, Mumbai, Maharashtra",30.65169982,1.07,28.52235334,Evening,Friday,38.12132999,81.19721084,12.14951668,-4.932743443,DC Fast Charger,Casual Driver,Kohinoor MCGM parking,
TATA Tiago,75,Station_71,"VN Purav Marg Diamond Garden, Basant Garden, Chembur Mumbai, Maharashtra,Chembur",59.98647673,2.56,23.41792115,Afternoon,Wednesday,88.09676846,96.13056859,281.7637403,15.06062245,Level 1,Commuter,K Star Chembur,
TATA Nexon,50,Station_82,"Building, Plot 1, Udyog Kshtra, Mulund Goregaon Link Rd, near D Mart Mulund, Salpa Devi Pada, Mulund West, Mumbai, Maharashtra 400080",57.92445004,4.62,12.53816191,Morning,Friday,49.87203405,54.26143302,64.13545484,1.825449687,Level 1,Casual Driver,"Hare Krishna Mahindra, Mulund West",
MG Comet,85,Station_224,"Near Palava City, Dombivli East",65.43101691,3.23,20.27269894,Night,Sunday,76.46681164,75.84995703,71.43600424,30.19970956,DC Fast Charger,Long-Distance Traveler,Tata Power - Palava,Tata Power
Hyundai Kona,100,Station_448,"Chakala Metro Station, Mumbai",36.137269,0.99,36.37707579,Night,Sunday,48.61219347,95.83119936,48.11698069,32.30733829,DC Fast Charger,Casual Driver,Tata Power - Chakala,Tata Power
TATA Nexon,85,Station_56,"Dombivli East Railway Parking, Thane",43.44537898,,26.50712322,Morning,Friday,55.70562012,52.80830823,38.19901104,19.86952895,Level 1,Casual Driver,Tata Power - Dombivli,Tata Power
TATA Curvv,63.09631665,Station_62,"MGL Terminal, opposite Anik Depot, Wadala, Mumbai, Maharashtra 400022",47.7140959,,26.50712322,Night,Wednesday,49.53760262,57.93745966,214.4674794,34.27808119,DC Fast Charger,Casual Driver,"Mahanagar Gas Limited, Wadala",
TATA Nexon,75,Station_494,"Raghuleela Mega Mall, Kandivali West, Mumbai",64.41904929,2.62,24.62165118,Evening,Friday,49.17384524,62.34186035,230.4942718,25.3204757,Level 1,Long-Distance Traveler,Tata Power - Kandivali West,Tata Power
Hyundai Kona,50,Station_127,"Dahisar Check Naka Parking, Mumbai",35.55367093,0.78,45.8556972,Night,Tuesday,85.49045253,74.66057198,275.5742741,26.1334068,Level 1,Commuter,VoltaPoint - Dahisar,VoltaPoint
Hyundai Kona,100,Station_114,"Unit 20-22, Laxmi Woollen Mill, Opposite Blue Loft, Dr E Moses Marg, Off, Shakti Mills Ln, Mahalakshmi, Mumbai",36.61656862,1.34,27.32114694,Afternoon,Sunday,66.55511783,56.23715391,69.23387008,24.52303877,Level 2,Long-Distance Traveler,Blue Tokai Coffee,
TATA Tiago,50,Station_199,"Kamothe Bus Depot, Navi Mumbai",65.48719596,1.74,37.57728956,Evening,Thursday,42.83535123,83.70937054,102.2390727,17.52272767,DC Fast Charger,Long-Distance Traveler,Magenta ChargeGrid - Kamothe,Magenta
Hyundai Kona,85,Station_13,"4/5, Enterprise Apartment, Forjet Hill Rd, Tardeo, Mumbai",33.88719708,1.82,18.6042609,Night,Monday,40.14074747,63.34760038,267.8436816,-4.160747933,DC Fast Charger,Long-Distance Traveler,Tata Power - Kapasi CHSL,Tata Power
TATA Curvv,85,Station_444,"Cotton Green Railyard, Mumbai",30.0651389,0.84,35.87112113,Night,Friday,13.94832346,93.59847436,122.7647597,33.0181713,DC Fast Charger,Long-Distance Traveler,Tata Power - Cotton Green,Tata Power
TATA Nexon,100,Station_474,"Khar Danda Road, Mumbai",47.37743937,0.98,48.16033463,Morning,Monday,23.63676232,68.05817011,136.959135,8.511630397,DC Fast Charger,Casual Driver,Tata Power - Khar West,Tata Power
TATA Tiago,50,Station_74,"Kandivali East, Next to Railway Station, Mumbai",78.69341922,2.15,36.56255637,Evening,Tuesday,38.19062073,82.43448923,17.2415972,12.73792455,Level 1,Long-Distance Traveler,EVteQ - Kandivali,EVteQ
TATA Tiago,85,Station_101,"Juhu Tara Rd, Near Juhu Beach, Mumbai",40.2483826,1.19,33.73226426,Night,Tuesday,45.0273134,77.80287971,28.45468193,38.96813601,DC Fast Charger,Commuter,ChargeAndDrive - Juhu,Fortum
MG Comet,50,Station_366,"On Western Express Highway, adjacent to Hub Mall, Cama Industrial Estate, Goregaon, Mumbai, Maharashtra ,Goregaon",56.06879095,1.99,28.16853365,Afternoon,Monday,75.63146824,55.82273779,219.4318971,7.109435812,DC Fast Charger,Long-Distance Traveler,Lodha Florenza,
TATA Nexon,62,Station_120,"Plot No DX 12,Thane - Belapur Road D' Zone Bonsari, Village, TTC Industrial Area, Turbhe, Navi Mumbai, Maharashtra ,Thane",65.04979561,2.88,22.55945181,Night,Saturday,83.58728192,80.04211898,188.0781767,25.34429385,DC Fast Charger,Casual Driver,Hotel Yogi Midtown,
Hyundai Kona,50.87061708,Station_145,"Apollo Bunder Road, Colaba, Mumbai",23.57128154,0.47,49.78371903,Night,Friday,51.07152573,79.00243297,267.3473926,-3.089617682,DC Fast Charger,Casual Driver,Tata Power - Gateway of India,Tata Power
Hyundai Kona,85,Station_352,"GUT NO.151/2, VILLAGE - AJIVALI, TALUKA - PANVEL, RAIGAD, AJIVALI, 410216",45.57396766,4.11,11.089827,Evening,Monday,45.7060602,87.23241205,217.5899277,-9.090468359,Level 2,Commuter,"Trimurti Petroleum, Panvel",
TATA Tiago,75,Station_137,"Ulhasnagar Station, Mumbai Region",54.6408791,2.77,19.70948849,Morning,Monday,27.0170636,85.53675893,130.551963,12.62950128,Level 1,Commuter,Statiq - Ulhasnagar,Statiq
TATA Tiago,85,Station_273,"Santacruz West, Next to Railway Station, Mumbai",56.01783154,1.48,37.85307848,Evening,Monday,18.03729692,61.93129744,14.72364927,11.49275618,Level 1,Long-Distance Traveler,ATUM Charge - Santacruz,ATUM
TATA Nexon,85,Station_117,"Kanjurmarg East Station, Mumbai",118.8974904,12.8,9.2864977,Night,Monday,27.64544589,90.29992273,103.9578251,18.40533315,Level 2,Casual Driver,Statiq - Kanjurmarg,Statiq
TATA Curvv,75,Station_368,"Near Ghatkopar Metro Station, Ghatkopar West, Mumbai",41.15701391,1.26,32.59959954,Night,Monday,68.79319057,75.66889916,62.41285143,27.90141336,DC Fast Charger,Casual Driver,Magenta ChargeGrid - Ghatkopar,Magenta
TATA Tiago,50,Station_168,"Seven Hills Hospital, Andheri East, SevenHills Health City, Marol Maroshi Road, Andheri East, Mumbai, Maharashtra 400059",71.14274636,4.8,14.82991098,Afternoon,Saturday,73.16017409,75.75484663,150.2700221,17.42486706,DC Fast Charger,Long-Distance Traveler,Tata Power,
TATA Nexon,50,Station_183,"TECHNOLOGY ST,HIRANANADANI GARDENS,SAINATH NAGAR,POWAI,MUMBAI,MAHARASHTARA 400076",21.82050637,0.22,97.3422547,Afternoon,Sunday,78.27386156,76.89957103,240.7952118,10.33600034,Level 1,Long-Distance Traveler,MH|MUMBAI|POWAI#HIRANANDANI GARDENS,
TATA Nexon,62,Station_152,"NS Phadake Marg, Opp Teli galli,Near Eastern expres Highway, Andheri East Mumbai 400069u00c2u00a0",47.31460938,4.66,10.16337295,Afternoon,Sunday,40.48798797,98.82353364,260.6613918,23.72798354,Level 1,Casual Driver,"Hotel Suba Galaxy, Andheri East",
TATA Nexon,50,Station_496,"Taloja Panchanand Station, Navi Mumbai",63.62653233,6.37,9.986771923,Afternoon,Sunday,41.00608003,71.25331651,136.959135,5.098606887,Level 1,Commuter,Tata Power - Taloja Station,Tata Power
MG Comet,50,Station_212,"GUT NO.151/2, VILLAGE - AJIVALI, TALUKA - PANVEL, RAIGAD, AJIVALI, 410216",8.349591228,0.18,47.48218949,Morning,Sunday,43.32205191,62.97068755,311.6304081,3.04969077,Level 1,Long-Distance Traveler,"Trimurti Petroleum, Panvel",
TATA Tiago,62,Station_132,"Bhayandar West Station Parking, Mumbai",13.48519533,0.45,29.87310551,Night,Monday,82.88645336,52.6525883,136.959135,-5.680662911,DC Fast Charger,Commuter,Magenta ChargeGrid - Bhayandar,Magenta
Hyundai Kona,85,Station_108,"Seawoods Station, Navi Mumbai",70.99471727,5.65,12.56141232,Morning,Friday,72.89524753,68.05110318,189.3786646,4.756515892,Level 1,Long-Distance Traveler,Statiq - Navi Mumbai,Statiq
TATA Tiago,89.03206383,Station_205,"Chembur Station East, Mumbai",78.64289917,2.26,34.823951,Afternoon,Wednesday,74.34868091,50.72443431,136.959135,21.9585411,Level 2,Commuter,ChargeZone - Chembur,ChargeZone
MG Comet,85,Station_155,"Borosil Plot,off, Makwana Rd, Marol, Andheri East, Mumbai, Maharashtra",75.18617181,1.41,53.1747828,Evening,Tuesday,17.16005127,64.31018702,150.0470024,24.92336832,Level 1,Casual Driver,Vasant oasis,
TATA Tiago,75,Station_436,"Near Asian Heart Hospital, Opp Bharat Diamond Bourse, Bandra East, Mumbai, MH 400051",15.27366667,2.84,5.37038419,Night,Friday,86.95322411,85.13643915,113.6685009,6.864161791,DC Fast Charger,Long-Distance Traveler,Tata Power - BKC Substation,Tata Power
TATA Nexon,50,Station_338,"Near to Orion Mall/ New Panvel Bridge, Old, Mumbai - Pune Expy,",44.15948701,1.86,23.75243532,Morning,Thursday,81.45214551,89.2935832,33.56494023,-5.332773776,Level 1,Long-Distance Traveler,HOTEL REDWINGS CASTLE,
TATA Curvv,50,Station_181,"Teli - Gali Road, Andheri (East), Mumbai - 400069",20.46478094,1.1,18.59949061,Morning,Wednesday,18.13415171,56.11481332,62.92995606,25.42808821,Level 1,Casual Driver,"Ginger Mumbai, Andheri East",
TATA Tiago,120.5106328,Station_275,"Breach Candy Hospital Complex, Mumbai",68.82528251,4.06,16.93561005,Afternoon,Monday,70.75160734,55.33183817,139.0348047,-1.966119085,Level 1,Commuter,Magenta ChargeGrid - Breach Candy,Magenta
TATA Nexon,62,Station_492,"LBS Marg, Near Bhandup Station, Mumbai",22.57288245,0.54,41.5266716,Evening,Friday,18.85564766,98.32393365,139.2222178,1.565003654,DC Fast Charger,Long-Distance Traveler,Magenta ChargeGrid - Bhandup,Magenta
TATA Tiago,100,Station_263,"MGL Terminal, Opposite Anik Depot, Wadala, Mumbai",22.27571241,1.22,18.2090343,Morning,Wednesday,83.64021009,59.25917191,114.5406814,21.74994096,DC Fast Charger,Long-Distance Traveler,Tata Power - Mahanagar Gas,Tata Power
MG Comet,75,Station_302,"Kalyan West, Kalyan, Thane",61.11752874,2.15,28.40157855,Night,Sunday,28.7158913,52.96116986,172.6673988,-3.133508581,Level 2,Long-Distance Traveler,Magenta ChargeGrid - Kalyan,Magenta
TATA Nexon,75,Station_442,"Apollo Bunder Road, Colaba, Mumbai",36.5318794,7.17,5.092837674,Evening,Sunday,80.02092861,75.52594739,97.72575854,11.30164247,DC Fast Charger,Long-Distance Traveler,Tata Power - Gateway of India,Tata Power
TATA Tiago,50,Station_400,"Dahisar Check Naka Parking, Mumbai",47.90409794,2.17,22.06190557,Night,Thursday,48.97534202,75.49040404,32.2376168,-2.996197815,Level 1,Commuter,VoltaPoint - Dahisar,VoltaPoint
Hyundai Kona,100,Station_71,"G-603/604, Vasari Hill Rd, Malad, Sunder Nagar, Goregaon West, Mumbai",79.00225971,2.93,26.97742286,Night,Friday,22.53375157,93.2978301,39.74600723,7.684356808,Level 2,Commuter,EV Dock - Malad,EV Dock
TATA Tiago,75,Station_121,"Versova Metro Station, Andheri West, Mumbai",51.62169093,1.2,43.16138737,Afternoon,Monday,22.78747904,58.66249439,185.9521521,7.936964701,Level 1,Casual Driver,ChargeZone - Versova,ChargeZone
TATA Tiago,75,Station_63,"Pay & Park, Central Ave, Hiranandani Gardens, Powai, Mumbai, Maharashtra 400076",70.62045542,3.85,18.33554746,Morning,Saturday,25.72347164,99.5858146,188.4637916,-4.842996855,Level 1,Commuter,"Brookfield, Powai",
TATA Nexon,75,Station_436,"Junction of Bellasis Road and Dr D.B. Marg , Mumbai Central, Mumbai 400008",32.52486105,1.03,31.55315617,Evening,Thursday,23.42576753,83.74262074,294.0582588,25.92667701,DC Fast Charger,Long-Distance Traveler,"Nathani Heights, Mumbai Central",
TATA Nexon,100,Station_68,"Near Vikhroli Station East, Mumbai",78.3990561,2.63,29.75315871,Night,Sunday,49.66021029,83.24626253,119.7886479,-9.296045391,Level 1,Commuter,Tata Power - Vikhroli,Tata Power
TATA Tiago,75,Station_108,"Unit 20-22, Laxmi Woollen Mill, Opposite Blue Loft, Dr E Moses Marg, Off, Shakti Mills Ln, Mahalakshmi, Mumbai",23.99396127,0.73,32.93397056,Evening,Tuesday,87.85226345,75.36398823,205.1702417,5.918020657,Level 2,Long-Distance Traveler,Blue Tokai Coffee,
MG Comet,100,Station_417,"Runwal Anthurium Rd, opposite Veena Nagar, Vardhman Nagar, Mulund West",23.54038392,6.71,3.508161487,Evening,Thursday,17.17061425,39.31920167,192.8568913,14.53864932,Level 2,Casual Driver,MCGM Parking || Runwal Anthurium,
TATA Tiago,85,Station_216,"Junction of Bellasis Road and Dr D.B. Marg , Mumbai Central, Mumbai 400008",46.45478115,1.08,42.8384828,Morning,Tuesday,12.79308917,70.71797257,3.824527427,26.51176747,Level 1,Commuter,"Nathani Heights, Mumbai Central",
Hyundai Kona,100,Station_98,"Diamond Garden, Chembur, Mumbai",66.17491556,16.16,4.096052506,Night,Wednesday,57.51855751,59.21834421,19.84255062,12.62900175,DC Fast Charger,Casual Driver,Magenta ChargeGrid - Chembur Diamond Garden,Magenta
TATA Curvv,50,Station_484,"Tilak Nagar Railway Station, Mumbai",55.42091221,1.42,39.08038685,Morning,Thursday,74.61169024,62.05991728,204.6713676,-9.366179122,DC Fast Charger,Commuter,Tata Power - Tilak Nagar,Tata Power
MG Comet,85,Station_276,"Tata Power Dharavi Colony labour camp dharavi ,Matunga ,Mumbai 400019",14.50345514,0.39,37.65992488,Morning,Tuesday,51.14214596,99.98660421,168.0448614,12.24739891,Level 2,Commuter,"Tata Power, Dharavi Colony",
TATA Tiago,62,Station_183,"Hiranandani Gardens, Powai, Mumbai",103.8126056,6.26,16.59138267,Night,Friday,52.79679327,89.35179211,99.94100542,8.330158356,Level 2,Casual Driver,Ather Grid - Hiranandani,Ather
TATA Tiago,62,Station_322,"Borosil Plot,off, Makwana Rd, Marol, Andheri East, Mumbai, Maharashtra",62.19283346,3.04,20.45251231,Morning,Saturday,24.3852456,88.82972948,277.7232645,14.27625134,DC Fast Charger,Long-Distance Traveler,Vasant oasis,
TATA Curvv,85,Station_238,"Santacruz West, Next to Railway Station, Mumbai",40.16142185,1.41,28.47996213,Evening,Wednesday,35.04453498,94.56359194,93.9952317,13.35438717,DC Fast Charger,Casual Driver,ATUM Charge - Santacruz,ATUM
TATA Curvv,62,Station_134,"Inorbit Mall, Goregaon West, Mumbai",42.51736092,1.07,39.91263736,Morning,Saturday,88.94643474,63.74334492,191.0776829,10.33319646,Level 2,Casual Driver,Jio-bp Pulse - Goregaon West,Jio-bp Pulse
MG Comet,75,Station_222,"Kolshet Road, Thane West",10.45065783,0.26,39.8938261,Afternoon,Wednesday,82.76444286,60.77776335,85.92100725,20.63494735,Level 2,Long-Distance Traveler,Jio-bp Pulse - Kolshet,Jio-bp Pulse
TATA Tiago,100,Station_373,"Anushakti Nagar, Trombay, Mumbai",30.805662,1.62,18.97988935,Night,Saturday,60.72720275,61.20655137,155.7144902,29.11438027,Level 2,Casual Driver,Magenta ChargeGrid - Trombay,Magenta
TATA Tiago,77.60847805,Station_480,"Juhu Beach Gate 3, Mumbai",73.09045077,2.41,30.38880381,Morning,Tuesday,29.66650146,99.85685077,227.7259802,2.594249726,DC Fast Charger,Casual Driver,Tata Power - Juhu Vile Parle,Tata Power
TATA Tiago,75,Station_48,"TECHNOLOGY ST,HIRANANADANI GARDENS,SAINATH NAGAR,POWAI,MUMBAI,MAHARASHTARA 400076",26.99234408,0.58,46.58137118,Morning,Monday,23.69485787,56.10531021,237.5110205,25.10961225,Level 2,Commuter,MH|MUMBAI|POWAI#HIRANANDANI GARDENS,
MG Comet,75,Station_11,"Thane West Station, Thane",52.90446367,3.4,15.57205559,Night,Saturday,89.8386107,97.49538047,36.7436948,32.57385369,Level 2,Long-Distance Traveler,Tata Power - Thane West,Tata Power
Hyundai Kona,75,Station_293,"Wadala Truck Terminal, Mumbai",43.4665651,1.87,23.22301592,Evening,Friday,70.60042408,89.35441576,71.32019243,33.1090396,Level 2,Long-Distance Traveler,Magenta ChargeGrid - Wadala,Magenta
TATA Curvv,50,Station_454,"36, SV Rd, Santosh Nagar, Bandra West, Mumbai, Maharashtra 400050",54.88401336,7.86,6.985136805,Night,Saturday,64.28041815,82.38389625,127.0713209,30.59387793,Level 1,Commuter,"IOCL Kini Causway, Bandra",
TATA Nexon,75,Station_328,"Khandeshwar Railway Station, Navi Mumbai",36.04757739,0.72,49.85189639,Evening,Tuesday,46.32842586,52.15170917,57.6589438,6.876897282,Level 2,Casual Driver,Tata Power - Khandeshwar,Tata Power
Hyundai Kona,62,Station_149,"Magenta House, D-285, TTC Industrial Area, nTurbhe, Near Unitech Motors, Navi Mumbai, Maharashtra",31.73575031,2.85,11.12987276,Evening,Wednesday,58.96875275,81.66823961,87.27410522,-9.56906362,Level 1,Casual Driver,"Magenta TTC, Turbhe",
Hyundai Kona,85,Station_377,"Hiranandani Gardens, Powai, Mumbai",64.53824697,3.68,17.56016007,Evening,Tuesday,17.18963766,57.13538346,258.3785312,12.32638948,Level 2,Commuter,Ather Grid - Hiranandani,Ather
TATA Curvv,75,Station_35,"TECHNOLOGY ST,HIRANANADANI GARDENS,SAINATH NAGAR,POWAI,MUMBAI,MAHARASHTARA 400076",69.44996148,1.41,49.41673269,Morning,Thursday,27.56248159,63.29227669,150.1118468,37.89907159,Level 1,Casual Driver,MH|MUMBAI|POWAI#HIRANANDANI GARDENS,
Hyundai Kona,62,Station_266,"Near Vikhroli Station East, Mumbai",79.46231191,3.13,25.41252017,Evening,Wednesday,28.46123084,49.09641538,48.23161874,32.53882053,DC Fast Charger,Long-Distance Traveler,Tata Power - Vikhroli,Tata Power
TATA Curvv,50,Station_10,"Ballard Estate Parking Lot, Fort, Mumbai",27.04710323,5.98,4.521631542,Afternoon,Monday,52.03296568,105.6169219,58.72601728,20.56538827,DC Fast Charger,Commuter,Tata Power - Ballard Estate,Tata Power
TATA Curvv,100,Station_446,"Ulhasnagar Station, Mumbai Region",5.650181738,0.48,11.66743821,Morning,Saturday,58.40045758,65.01799109,83.26552536,23.05944663,DC Fast Charger,Casual Driver,Statiq - Ulhasnagar,Statiq
TATA Curvv,69.44504561,Station_4,"Kalyan East Bus Depot, Thane",72.71574853,2.25,32.25343212,Afternoon,Monday,28.89851962,57.73534409,151.6213286,4.485795959,DC Fast Charger,Commuter,Magenta ChargeGrid - Kalyan East,Magenta
TATA Curvv,85,Station_426,"Nahur West, Industrial Area, Bhandup West, Mumbai, Maharashtra",61.9271036,2.45,25.27459826,Morning,Wednesday,73.65740812,93.02610697,136.959135,7.685197905,DC Fast Charger,Commuter,BMC Parking Runwal Greens,
TATA Nexon,62,Station_338,"GD Ambekar Marg, Lal Baug, Parel, Mumbai, Maharashtra",33.39817876,2.32,14.42092922,Morning,Tuesday,23.34413923,68.13930115,23.10688272,27.28334186,DC Fast Charger,Long-Distance Traveler,Lodha Venezia CPL,
MG Comet,50,Station_19,"Devidas Lane, Shanti Ashram Borivali West, Near St.Lawrence High School, Mumbai, Maharashtra ,Borivali",74.54048486,4.4,16.93586894,Evening,Saturday,51.81491129,76.07639193,31.4384172,10.74680105,Level 2,Casual Driver,MCGM Parking || Club Aquaria,
MG Comet,100,Station_330,"The Taj Mahal Palace, Colaba, In front of Times Building , Apollo Bandar, Colaba, Mumbai, Maharashtra 400001",76.49931987,2.04,37.44551098,Evening,Thursday,24.87475156,58.71010168,59.59145483,45.75334767,Level 2,Commuter,Tata Power,
TATA Tiago,85,Station_250,"Orion Mall, Panvel",63.83060875,1.67,38.13906947,Evening,Thursday,11.08354591,74.40527959,295.9873021,13.91915988,Level 2,Casual Driver,Statiq - Panvel,Statiq
TATA Curvv,62,Station_228,"Shree Simandhar Towers, Mahalaxmi West, Mumbai",65.18392769,1.69,38.57770533,Night,Saturday,17.72971756,82.7913617,254.2166124,17.14920107,Level 1,Commuter,Tata Power - Mahalaxmi West,Tata Power
MG Comet,75,Station_112,"Versova Metro Station, Andheri West, Mumbai",21.03051965,2.52,8.332992518,Night,Saturday,16.00498511,70.4098916,157.6764292,35.80057736,DC Fast Charger,Commuter,ChargeZone - Versova,ChargeZone
TATA Nexon,39.29742253,Station_438,"Nehru Nagar Bus Stand, Kurla East, Mumbai",21.0022301,0.8,26.23272288,Night,Friday,32.2755592,58.86833854,216.6864603,37.19955857,Level 2,Commuter,Statiq - Kurla Nehru Nagar,Statiq
TATA Nexon,75,Station_20,"Bhayandar West Station Parking, Mumbai",34.80201788,2.1,16.59673018,Night,Wednesday,64.52432585,57.79820096,136.959135,14.22429415,DC Fast Charger,Casual Driver,Magenta ChargeGrid - Bhayandar,Magenta
TATA Curvv,75,Station_129,"Near Infiniti Mall, Andheri West, Mumbai",41.95057477,1.07,39.2570047,Evening,Monday,89.07810182,96.16384199,44.22582188,11.05077489,DC Fast Charger,Commuter,Kazam - Andheri West,Kazam
MG Comet,62,Station_189,"Vashi Station East, Navi Mumbai",11.48343149,0.53,21.47990189,Night,Friday,35.53501681,91.07521077,267.4012631,-9.305817015,DC Fast Charger,Long-Distance Traveler,ChargeZone - Vashi,ChargeZone
TATA Nexon,85,Station_44,"Orion Mall, Panvel",15.25417073,2.26,6.762530034,Evening,Thursday,42.74181829,88.23131388,263.8277791,-2.25831715,Level 1,Commuter,Statiq - Panvel,Statiq
Hyundai Kona,85,Station_330,"Dr Ambedkar Rd, Parel, Mumbai",45.0685333,1.1,41.03311514,Night,Sunday,51.66193909,92.05776183,76.48391316,37.01416735,Level 1,Long-Distance Traveler,Kazam - Parel,Kazam
Hyundai Kona,75,Station_378,"Anushakti Nagar, Trombay, Mumbai",64.87047474,1.66,38.98816937,Night,Tuesday,26.65071179,56.3647707,90.1348094,27.33409428,Level 1,Casual Driver,Magenta ChargeGrid - Trombay,Magenta
TATA Nexon,50,Station_390,"2/7 Meghal Industrial Estate, Devidayal Road, Mulund West, Mumbai, Maharashtra 400080",25.13233553,1.55,16.20549351,Night,Monday,25.68434812,94.52863671,127.4300174,40.25549686,Level 1,Commuter,Masstech controls Pvt ltd,
MG Comet,85,Station_120,"CR2 Mall Parking, Nariman Point, Mumbai, MH 400021",67.45124177,1.5,45.01922284,Evening,Friday,36.06774243,61.52733401,277.4891719,20.70521874,DC Fast Charger,Casual Driver,Tata Power - Nariman Point,Tata Power
TATA Nexon,75,Station_405,"Century Bazaar, Prabhadevi, Mumbai",21.81937874,,26.50712322,Evening,Monday,77.21863836,96.77280778,199.5727452,38.08420738,Level 1,Casual Driver,Magenta ChargeGrid - Prabhadevi,Magenta
TATA Tiago,85,Station_352,"Next to Bharat Diamond Bourse, BKC, Mumbai",60.12372287,1.96,30.65934381,Night,Friday,30.09851055,86.7579399,205.5531188,34.63224699,DC Fast Charger,Long-Distance Traveler,Statiq - Bandra Kurla Complex,Statiq
Hyundai Kona,62,Station_426,"Ghansoli Station East, Navi Mumbai",28.57887808,1.51,18.89050926,Afternoon,Wednesday,25.48787822,91.4661195,268.4562979,17.67509365,DC Fast Charger,Long-Distance Traveler,Volttic - Ghansoli,Volttic
Hyundai Kona,62,Station_32,"Next to VRL Logistics, Ashok Gardens, PD’Mello Rd, Sewri West, Mumbai 400033",21.13404478,0.65,32.2920457,Night,Sunday,44.71421516,79.20117924,72.35376169,-1.212120196,Level 2,Long-Distance Traveler,Ather Grid - Sewri,Ather
TATA Curvv,50,Station_25,"Khandeshwar Railway Station, Navi Mumbai",79.39006382,4.15,19.13778917,Morning,Saturday,63.91237042,87.44451137,136.959135,14.46130434,Level 2,Commuter,Tata Power - Khandeshwar,Tata Power
TATA Curvv,85,Station_232,"Eastern Express Hwy, Near Viviana Mall, Thane, Mumbai",43.4665651,1.25,34.69206917,Morning,Thursday,49.71687028,75.84852337,136.959135,-8.771230053,Level 2,Casual Driver,Kazam - Thane,Kazam
Hyundai Kona,85,Station_84,"Central Park Parking, Kharghar, Navi Mumbai",64.60983161,16.19,3.991359551,Morning,Wednesday,21.98287037,72.93984362,116.177119,17.10924053,Level 1,Long-Distance Traveler,Statiq - Kharghar Central Park,Statiq
TATA Tiago,62,Station_402,"Ghatkopar East, Mumbai",34.38288065,5.24,6.558201297,Night,Sunday,51.16789791,88.32990473,108.5921419,-9.825102182,Level 1,Long-Distance Traveler,Statiq - Ghatkopar,Statiq
TATA Tiago,75,Station_72,"Lodha Xperia Mall, Palava City, Dombivli",37.42669941,2.2,16.98014038,Afternoon,Tuesday,94.43594757,90.5370852,136.959135,15.35617755,Level 1,Casual Driver,Statiq - Palava City,Statiq
MG Comet,85,Station_172,"Unit 20-22, Laxmi Woollen Mill, Opposite Blue Loft, Dr E Moses Marg, Off, Shakti Mills Ln, Mahalakshmi, Mumbai",75.62248861,4.5,16.79147373,Morning,Sunday,72.63725302,68.33086516,214.7186173,38.10561785,DC Fast Charger,Commuter,Blue Tokai Coffee,
MG Comet,75,Station_343,"Tilak Nagar Railway Station, Mumbai",66.85109294,3.3,20.27113939,Evening,Tuesday,24.35122821,61.21435182,297.8937853,35.22549699,DC Fast Charger,Long-Distance Traveler,Tata Power - Tilak Nagar,Tata Power
TATA Curvv,62,Station_436,"157, Jeevan Bima Marg, Backbay Reclamation, Churchgate, Mumbai, Maharashtra 400020, India",32.34799933,2.13,15.17023592,Morning,Sunday,71.05173681,83.00801294,254.0436445,11.65767977,DC Fast Charger,Casual Driver,HP Super Service DC Charging Station,
Hyundai Kona,100,Station_218,"Andheri East Metro Station, Mumbai",10.24188589,0.48,21.4576929,Evening,Monday,30.14072124,85.00767894,61.68334147,16.33993683,Level 2,Long-Distance Traveler,Statiq - Andheri East,Statiq
TATA Tiago,62,Station_275,"Carnival Cinemas Imax, Anik Wadala Link Rd, Bhakti Park, Wadala, Mumbai, Maharashtra ,Worli",71.97510218,3.04,23.65002521,Morning,Monday,63.10375471,63.99918589,103.9155588,21.52620216,Level 2,Commuter,Carnival Cinemas Imax,
TATA Curvv,62,Station_208,"Anik Depot, Municipal Kamgar Vasahat, Trombay Industrial Area, Chembur, Mumbai",75.40700954,4.25,17.72970872,Evening,Sunday,32.02965793,101.6052792,93.79222805,12.4570578,Level 2,Commuter,Tata Power Charging Station,Tata Power
Hyundai Kona,85,Station_309,"Ghatkopar East, Mumbai",28.27985715,2.14,13.22697476,Evening,Tuesday,62.57412042,88.35855053,190.684355,12.38716533,Level 2,Commuter,Statiq - Ghatkopar,Statiq
TATA Tiago,50,Station_57,"Next to Bharat Diamond Bourse, BKC, Mumbai",21.42275953,2.33,9.189077429,Afternoon,Monday,86.4947654,52.98111186,74.38130925,12.04385004,DC Fast Charger,Commuter,Statiq - Bandra Kurla Complex,Statiq
TATA Curvv,50,Station_339,"Spectra, High St, Hiranandani Gardens, Powai, Mumbai, Maharashtra 400076",22.01644361,0.53,41.19625064,Morning,Monday,23.66561092,74.89872942,236.573561,11.54438093,Level 1,Casual Driver,"Brookfield, Powai",
TATA Curvv,85,Station_76,"Antop Hill Post Office, Mumbai",49.73870005,1.51,32.86836958,Night,Wednesday,85.72764732,52.82854415,272.1851201,7.812917021,DC Fast Charger,Commuter,Tata Power - Antop Hill,Tata Power
TATA Tiago,100,Station_459,"Seawoods Station, Navi Mumbai",44.95337165,1.32,34.04003944,Night,Saturday,66.85003619,61.31395763,232.2448941,22.59449152,Level 1,Casual Driver,Statiq - Navi Mumbai,Statiq
TATA Curvv,62,Station_156,"Phoenix Mills Compound, Lower Parel, Mumbai",44.06215479,3.49,12.63772843,Morning,Sunday,74.68318534,73.06427881,10.89843061,3.802174549,Level 2,Casual Driver,Statiq - Parel,Statiq
TATA Curvv,75,Station_258,"Ghansoli Station East, Navi Mumbai",38.59813941,1.45,26.5629522,Evening,Saturday,37.92749853,75.10094365,298.3192215,6.16119138,Level 2,Long-Distance Traveler,Volttic - Ghansoli,Volttic
TATA Tiago,62,Station_254,"Dombivli East Railway Parking, Thane",79.75044564,,26.50712322,Evening,Saturday,19.73375144,69.33144338,187.459457,29.39445354,DC Fast Charger,Commuter,Tata Power - Dombivli,Tata Power
Hyundai Kona,85,Station_188,"Orion Mall, Panvel",66.89909636,1.7,39.32414111,Morning,Tuesday,22.59313605,75.40468289,227.4271614,-4.073387953,DC Fast Charger,Commuter,Statiq - Panvel,Statiq
Hyundai Kona,50,Station_32,"Priyadarshini Park, Mumbai",40.05179662,1.52,26.32801687,Morning,Saturday,21.78035695,92.33198159,114.7560839,30.28535776,DC Fast Charger,Casual Driver,Jio-bp Pulse - Napean Sea Road,Jio-bp Pulse
MG Comet,62,Station_485,"Mahalaxmi Race Course, Mumbai",38.36041213,1,38.34376389,Night,Tuesday,72.50501027,86.30071772,281.0252124,5.501271669,DC Fast Charger,Long-Distance Traveler,Magenta ChargeGrid - Mahalaxmi,Magenta
Hyundai Kona,75,Station_397,"Worli Sea Face Promenade, Worli, Mumbai",6.337534265,1.47,4.315961671,Morning,Wednesday,44.29225743,55.5236463,170.9205524,26.7089408,Level 1,Long-Distance Traveler,Volttic - Worli Sea Face,Volttic
TATA Curvv,100,Station_5,"D298, TTC Industrial area, turbhe",6.97877135,0.19,35.78892354,Morning,Tuesday,23.83153159,78.77996734,76.95159408,27.35537043,DC Fast Charger,Casual Driver,Lifeon Industries,
Hyundai Kona,50,Station_330,"Gala No14 A, KBM compound, military road, raje shivaji nagar, marol, andheri east, 400072",62.42036137,2.09,29.9083034,Night,Thursday,119.0511075,50.38374048,263.5031195,23.66715836,DC Fast Charger,Casual Driver,Volltic PCS04,
Hyundai Kona,75,Station_412,"Santacruz West, Near Railway Station, Mumbai",23.8368801,1.93,12.32951236,Night,Sunday,63.19883628,73.81270846,192.322695,29.02876366,Level 1,Commuter,Statiq - Santacruz,Statiq
TATA Curvv,47.65326138,Station_416,"Bandra Kurla Complex, Bandra East, Mumbai",29.34959504,0.97,30.32389572,Morning,Tuesday,72.60499922,22.27521585,95.26844556,36.69341868,Level 1,Commuter,Volttic - BKC,Volttic
TATA Nexon,50,Station_65,"Reliable Plaza, Airoli, Navi Mumbai",69.71594631,6.93,10.06309377,Evening,Saturday,20.4323108,79.5199883,205.7699162,-4.478051973,DC Fast Charger,Long-Distance Traveler,Tata Power - Airoli,Tata Power
TATA Nexon,50,Station_11,"LBS Marg, Kurla West, Mumbai",69.42235104,7.02,9.889820742,Evening,Monday,29.13398079,99.88715307,74.04370796,37.26821495,DC Fast Charger,Casual Driver,Tata Power - Kurla LBS,Tata Power
Hyundai Kona,105.5549669,Station_421,"Ghatkopar East, Mumbai",48.50288659,1.11,43.60970746,Night,Monday,28.20893507,64.31222001,94.94198698,23.8877427,Level 2,Casual Driver,ATUM Charge - Ghatkopar,ATUM
MG Comet,75,Station_221,"Near Infiniti Mall, Andheri West, Mumbai",45.4711888,0.95,48.01145593,Morning,Sunday,56.83137688,89.62384239,289.7879844,26.50442557,Level 1,Commuter,Kazam - Andheri West,Kazam
TATA Nexon,75,Station_424,"Eastern Express Hwy, Near Viviana Mall, Thane, Mumbai",51.20692409,5.13,9.977877022,Afternoon,Wednesday,67.38758549,59.75759843,178.1150993,12.32250456,Level 2,Commuter,Kazam - Thane,Kazam
Hyundai Kona,101.1029879,Station_461,"Mujawar Pakhadi Rd, Dadar East, Mumbai",7.275443511,0.35,21.06032431,Night,Saturday,12.88478096,72.45174831,66.8002714,26.95365853,Level 2,Commuter,Tata Power - Dadar East,Tata Power
TATA Nexon,85,Station_68,"Opposite S.L.Raheja Hospital, Mahim nCauseway, Mahim (West), Raheja Hospital nMarg, Mumbai, Maharashtra 400016",47.19744469,2.01,23.43002275,Night,Friday,74.87748788,94.07356949,278.9265238,28.41994109,Level 1,Casual Driver,Xavier Institute of Engineering,
TATA Curvv,62,Station_409,"Colaba Causeway, Near Regal Cinema, Mumbai",24.40113304,0.78,31.11524448,Afternoon,Tuesday,65.98351537,51.25486777,32.03949076,23.59028973,Level 1,Long-Distance Traveler,Tata Power - Colaba,Tata Power
MG Comet,193.0030739,Station_220,"Mira Road East, Thane",42.74479257,1.06,40.2059876,Evening,Saturday,19.56303216,67.79633548,119.4883558,-4.172668306,Level 2,Casual Driver,EV Dock - Mira Road,EV Dock
TATA Curvv,75,Station_244,"Khar Danda Road, Mumbai",45.90925215,1.74,26.3121504,Night,Tuesday,40.71611726,97.28846478,194.2513955,28.40385151,Level 2,Commuter,Tata Power - Khar West,Tata Power
MG Comet,75,Station_182,"Indraprastha Mall, Borivali West, Mumbai",8.115370261,,26.50712322,Evening,Saturday,22.18992507,99.62809793,223.4058067,33.69115081,DC Fast Charger,Long-Distance Traveler,Tata Power - Borivali West,Tata Power
TATA Curvv,50,Station_197,"Near Kharghar Station, Navi Mumbai",21.30857255,0.76,28.04359239,Night,Tuesday,78.29829104,91.7160356,198.7338106,-5.46532879,DC Fast Charger,Casual Driver,Kazam - Kharghar,Kazam
TATA Tiago,50,Station_106,"14, JP Rd, Aram Nagar, Seven Bunglow, Andheri West",55.30273056,1.48,37.34746081,Morning,Thursday,71.91664638,88.37524194,106.9396474,30.18843916,Level 2,Commuter,Kabra Metro One,
TATA Tiago,7.714516854,Station_58,"MH | Mumbai | NSCI - Worli,NSCI, Lala Lajpatrai Marg, Lotus Colony, Worli, Mumbai, Maharashtra 400018",36.22941276,3.27,11.09306321,Evening,Monday,43.35667392,91.94031675,144.450372,17.39682581,Level 2,Casual Driver,Charge Zone,
TATA Curvv,62,Station_78,"Neptune Magnet Mall, LBS Marg, Bhandup West, Mumbai",12.35040612,0.28,44.04764539,Night,Wednesday,47.07173173,68.83315695,136.959135,15.00986729,DC Fast Charger,Long-Distance Traveler,Jio-bp Pulse - Bhandup,Jio-bp Pulse
TATA Curvv,75,Station_33,"Chincholi Bunder Road, New Link Rd, Malad West, Mumbai, Maharashtra 400064",68.24465321,1.38,49.3612511,Evening,Wednesday,57.9079949,88.30938417,276.392588,14.82620373,Level 1,Long-Distance Traveler,Evershine Mall Charging Station,
TATA Tiago,100,Station_101,"Marol Naka Metro Station, Mumbai",6.065161713,0.13,46.62351209,Morning,Sunday,19.64689729,71.19100274,92.40439693,27.29212704,DC Fast Charger,Long-Distance Traveler,Statiq - Marol Naka,Statiq
MG Comet,62,Station_166,"4/5, Enterprise Apartment, Forjet Hill Rd, Tardeo, Mumbai",41.7666481,1.91,21.83372403,Afternoon,Friday,42.35837562,51.49172571,14.5924432,38.8126892,Level 1,Casual Driver,Tata Power - Kapasi CHSL,Tata Power
MG Comet,81.36841583,Station_83,"Andheri East Metro Station, Mumbai",57.97765789,8.92,6.499187935,Evening,Thursday,58.308685,63.86610505,114.8832958,7.636850332,DC Fast Charger,Long-Distance Traveler,Statiq - Andheri East,Statiq
TATA Tiago,75,Station_182,"World Trade Centre One, Lower Parel, Mumbai",74.10752218,1.62,45.69740275,Evening,Wednesday,72.90390529,51.69102216,177.2088872,3.262503248,Level 2,Casual Driver,Fortum - Lower Parel,Fortum
TATA Curvv,50,Station_336,"VN Purav Marg Diamond Garden, Basant Garden, Chembur Mumbai, Maharashtra,Chembur",64.37713244,4.22,15.2565692,Afternoon,Monday,15.58695625,98.80776451,199.7584008,25.40739976,Level 2,Long-Distance Traveler,K Star Chembur,
TATA Nexon,75,Station_309,"Mansarovar Railway Station, Navi Mumbai",15.5583755,0.35,44.45073085,Morning,Monday,83.20214245,61.22134406,243.8284444,25.90015483,Level 2,Casual Driver,Magenta ChargeGrid - Mansarovar,Magenta
Hyundai Kona,50,Station_146,"1059/1060, Adarsh nagar, near infinity mall, Off New Link Road, Andheri West, Mumbai, Maharashtra 400053",40.7367048,4.13,9.866759209,Night,Friday,33.92648682,67.6953312,119.0969189,13.54692893,DC Fast Charger,Long-Distance Traveler,"Inderjit Cars, Andheri West",
TATA Nexon,62,Station_226,"Near Mumbra Station, Thane",20.51871405,0.76,27.17353746,Afternoon,Tuesday,83.5904818,159.9889032,286.4400099,22.47968921,Level 1,Long-Distance Traveler,Magenta ChargeGrid - Mumbra,Magenta
TATA Curvv,62,Station_105,"Spectra, High St, Hiranandani Gardens, Powai, Mumbai, Maharashtra 400076",13.58796474,0.33,40.81172935,Night,Monday,67.80447255,58.52581793,103.5211928,4.533623094,DC Fast Charger,Commuter,"Brookfield, Powai",
MG Comet,50,Station_260,"Building, Plot 1, Udyog Kshtra, Mulund Goregaon Link Rd, near D Mart Mulund, Salpa Devi Pada, Mulund West, Mumbai, Maharashtra 400080",73.37136541,1.61,45.50795122,Afternoon,Wednesday,62.52618043,62.34091279,180.4524866,7.723424435,Level 1,Commuter,"Hare Krishna Mahindra, Mulund West",
Hyundai Kona,75,Station_207,"Next to Diamond Garden, Chembur, Mumbai",43.4665651,1.46,29.83758581,Afternoon,Wednesday,41.49585704,54.94247646,38.0224883,5.459169955,Level 2,Commuter,Tata Power - Chembur,Tata Power
TATA Nexon,85,Station_116,"Runwal Anthurium Rd, opposite Veena Nagar, Vardhman Nagar, Mulund West",43.25451714,2.24,19.27803572,Night,Tuesday,16.42986703,85.24212847,156.1962255,27.81755697,Level 1,Commuter,MCGM Parking || Runwal Anthurium,
Hyundai Kona,62,Station_218,"IOCL Sahara Hospitality, Vile Parle, opp. Domestic Airport, Navpada, Vile Parle East, Vile Parle, Mumbai, Maharashtra 400099",10.24188589,0.35,29.21621369,Evening,Sunday,14.96166964,70.51180081,295.9150269,18.15385475,DC Fast Charger,Commuter,Tata Power,
TATA Curvv,75,Station_170,"Santacruz West, Near Railway Station, Mumbai",8.918418778,0.55,16.24196336,Night,Thursday,16.990405,55.82664103,15.21342604,9.113968186,Level 1,Long-Distance Traveler,Statiq - Santacruz,Statiq
TATA Curvv,75,Station_433,"Kohinoor Square, Kasaravadi, Dadar, Mumbai, Maharashtra",27.00471086,0.58,46.41136085,Morning,Sunday,88.18011162,61.43525686,298.8701857,8.774037215,DC Fast Charger,Casual Driver,Kohinoor MCGM parking,
TATA Tiago,50,Station_59,"Powai Plaza Mall Parking, Powai, Mumbai",6.661747206,0.61,10.89013108,Evening,Monday,83.28204155,65.0062464,136.959135,20.51545592,Level 2,Commuter,Fortum - Powai Plaza,Fortum
TATA Nexon,100,Station_457,"Marol Naka Metro Station, Mumbai",53.64842443,1.13,47.29035525,Evening,Saturday,21.45527057,98.16391585,292.8722924,12.02562263,DC Fast Charger,Commuter,Statiq - Marol Naka,Statiq
TATA Nexon,105.2870677,Station_299,"Near Mumbra Station, Thane",43.4665651,5.35,8.126977133,Evening,Thursday,45.28332178,15.71797517,276.5598512,-0.269334466,DC Fast Charger,Long-Distance Traveler,Magenta ChargeGrid - Mumbra,Magenta
TATA Tiago,140.7620616,Station_439,"Next to Infinity Mall, New Link Rd, Malad West, Mumbai",60.08034819,1.3,46.15424524,Night,Tuesday,37.69074851,93.80110629,221.8967779,-10.72476975,DC Fast Charger,Long-Distance Traveler,Magenta ChargeGrid - Malad,Magenta
TATA Tiago,75,Station_452,"The Taj Mahal Palace, Colaba, In front of Times Building , Apollo Bandar, Colaba, Mumbai, Maharashtra 400001",61.56734925,1.49,41.31627182,Evening,Saturday,17.25267949,58.87841174,279.5167461,-2.209581899,Level 1,Long-Distance Traveler,Tata Power,
MG Comet,62,Station_492,"Opp Panvel Station, Raigad",22.57288245,0.89,25.29157595,Night,Saturday,51.55000842,74.1444021,49.07601046,24.41179393,Level 1,Commuter,ATUM Charge - Panvel,ATUM
TATA Tiago,62,Station_214,"Western Express Hwy, Yashodham, Goregaon, Mumbai, Maharashtra 400063",51.49234638,1.46,35.21951804,Night,Tuesday,62.12237483,81.29379863,32.48464488,-4.123444525,Level 1,Long-Distance Traveler,"Oberoi Mall, Goregaon",
MG Comet,75,Station_124,"Hiranandani Gardens, Powai, Mumbai",44.76974192,2.17,20.59023558,Evening,Saturday,64.11014685,90.55214709,168.5338077,24.25815611,Level 2,Commuter,Ather Grid - Hiranandani,Ather
TATA Nexon,75,Station_305,"Dahisar East Station, Mumbai",38.21376481,1.06,35.89219701,Morning,Sunday,88.2564163,73.26212814,239.2910118,3.056173423,DC Fast Charger,Long-Distance Traveler,ChargeZone - Dahisar,ChargeZone
Hyundai Kona,75,Station_44,"Station Rd, Parel East, Parel, Mumbai 400014",40.25719688,2.24,17.94739459,Afternoon,Friday,28.84132949,85.27530271,61.05376918,31.60235688,Level 2,Long-Distance Traveler,Magenta Charging Station (Parel),Magenta
TATA Curvv,62,Station_415,"Borivali West, Mumbai",51.20288963,1.13,45.19091647,Afternoon,Friday,75.55734012,56.56750424,129.4897567,15.64840423,DC Fast Charger,Commuter,ATUM Charge - Borivali,ATUM
Hyundai Kona,62,Station_145,"Dahisar East Station, Mumbai",77.45420996,2.63,29.41340669,Afternoon,Tuesday,80.65255109,90.08739344,238.8650098,2.24905517,Level 1,Long-Distance Traveler,ChargeZone - Dahisar,ChargeZone
TATA Nexon,88.86922407,Station_333,"Near Kharghar Station, Navi Mumbai",20.17078858,0.5,40.42078196,Morning,Sunday,31.5569263,97.82793195,96.25331246,2.844132918,DC Fast Charger,Commuter,Kazam - Kharghar,Kazam
TATA Curvv,100,Station_356,"MGL Terminal, Opposite Anik Depot, Wadala, Mumbai",39.93276466,0.81,49.11660927,Morning,Sunday,43.60824251,54.32016802,327.3930934,8.663582495,DC Fast Charger,Commuter,Tata Power - Mahanagar Gas,Tata Power
TATA Tiago,50,Station_34,"The Taj Mahal Palace, Colaba, In front of Times Building , Apollo Bandar, Colaba, Mumbai, Maharashtra 400001",6.268235994,,26.50712322,Night,Friday,65.99350199,140.3830477,151.0798111,25.06874494,Level 1,Commuter,Tata Power,
TATA Curvv,62,Station_42,"Charni Road East, Mumbai",20.84637782,0.78,26.57781476,Night,Friday,61.83352377,85.03607837,139.370767,-2.37688629,DC Fast Charger,Long-Distance Traveler,Tata Power - Opera House,Tata Power
TATA Nexon,50,Station_358,"Charni Road East, Mumbai",37.61011503,1.79,21.06766867,Night,Saturday,30.60283602,101.9051814,14.91695623,38.34082129,DC Fast Charger,Commuter,Tata Power - Opera House,Tata Power
Hyundai Kona,100,Station_475,"Opp Panvel Station, Raigad",38.00957724,5.77,6.590228457,Evening,Sunday,48.29442034,98.25239499,233.1699558,-4.148661344,DC Fast Charger,Commuter,ATUM Charge - Panvel,ATUM
Hyundai Kona,62,Station_405,"Cotton Green Railyard, Mumbai",10.33664419,,26.50712322,Evening,Saturday,32.98603195,84.16649568,47.53544564,5.194911285,DC Fast Charger,Long-Distance Traveler,Tata Power - Cotton Green,Tata Power
TATA Nexon,75,Station_78,"Tata Power Dharavi Colony labour camp dharavi ,Matunga ,Mumbai 400019",37.11856726,4.27,8.690646596,Evening,Monday,39.79613148,91.68222793,18.94150411,-0.542639424,Level 2,Casual Driver,"Tata Power, Dharavi Colony",
TATA Curvv,50,Station_49,"Devidas Lane, Shanti Ashram Borivali West, Near St.Lawrence High School, Mumbai, Maharashtra ,Borivali",45.6603132,1.12,40.67941804,Evening,Wednesday,67.90524191,65.2365877,168.8140868,22.73954601,Level 2,Long-Distance Traveler,MCGM Parking || Club Aquaria,
TATA Curvv,50,Station_308,"MH | Mumbai | NSCI - Worli,NSCI, Lala Lajpatrai Marg, Lotus Colony, Worli, Mumbai, Maharashtra 400018",58.74152298,2.95,19.94270235,Night,Wednesday,19.42640523,59.51725759,46.37042316,-0.00429831,DC Fast Charger,Long-Distance Traveler,Charge Zone,
TATA Tiago,62,Station_141,"Vikhroli East, Mumbai",33.47231506,0.77,43.48176399,Afternoon,Wednesday,76.46236262,81.41249705,27.77005155,8.656254905,Level 2,Long-Distance Traveler,EVteQ - Vikhroli,EVteQ
TATA Nexon,100,Station_108,"Nehru Nagar, Near Kurla Station, Mumbai",72.08924277,9.62,7.494575511,Night,Friday,22.9005078,94.20825519,87.67871773,3.927031788,Level 1,Long-Distance Traveler,Kazam - Kurla,Kazam
Hyundai Kona,50,Station_312,"The Taj Mahal Palace, Colaba, In front of Times Building , Apollo Bandar, Colaba, Mumbai, Maharashtra 400001",45.81366157,2.64,17.3546406,Night,Saturday,68.43411849,86.79517154,235.837826,28.43121149,DC Fast Charger,Long-Distance Traveler,Tata Power,
MG Comet,62,Station_182,"Kohinoor Altissimo Residential Tower, Kohinoor Altissimo, Kasaravadi, Dadar, Mumbai, Maharashtra 400028",75.52338507,3.03,24.8909192,Afternoon,Monday,82.5448484,70.70118042,125.5393819,0.5816117,DC Fast Charger,Long-Distance Traveler,Kohinoor Altissimo Residential Tower,
TATA Tiago,100,Station_57,"Atria Mall, Dr Annie Besant Rd, Worli, Mumbai",77.63851677,9.55,8.125454971,Morning,Saturday,23.24454737,94.69156133,67.03337523,-3.386293111,Level 2,Commuter,Magenta ChargeGrid - Worli,Magenta
TATA Tiago,75,Station_193,"95, Malad, Viaykar Vadi, Malad West, Mumbai 400064",53.9569817,3.02,17.87474459,Night,Monday,89.97564875,95.03577021,17.09446172,6.800062382,Level 2,Long-Distance Traveler,ATUM Charge (Malad),ATUM
TATA Nexon,85,Station_227,"Mumbai Central Station Parking, Mumbai",46.61987333,6.31,7.388686338,Morning,Friday,70.09449292,59.04290083,210.7494444,-0.460756822,DC Fast Charger,Long-Distance Traveler,Volttic - Mumbai Central,Volttic
TATA Tiago,50,Station_153,"Saki Vihar Rd, Near Saki Naka Metro, Andheri East, Mumbai",6.443672289,0.43,14.99241844,Night,Tuesday,81.59731029,84.92637815,11.7422215,-4.275305327,Level 1,Long-Distance Traveler,Volttic Mini Charging,Volttic
TATA Tiago,50,Station_436,"CR - Lokmanya Tilak Station, Kurla, Outside Platform 1, Beside LTT Pay and Park, LTT Station, Pipeline Rd, Tilak Nagar, Kurla, Mumbai, Maharashtra 400089",62.04623037,3.34,18.56265579,Afternoon,Sunday,88.3912258,77.93392383,43.02786515,-0.966443591,DC Fast Charger,Casual Driver,Tata Power,
Hyundai Kona,100,Station_471,"MH | Mumbai | The Westin Mumbai Powai Lake,The Westin Mumbai Powai Lake Kailash Nagar, Morarji Nagar, Powai, Mumbai, Maharashtra 400076",71.70850688,1.85,38.79607655,Afternoon,Saturday,12.2234232,77.41334734,181.0891261,2.616126227,Level 1,Casual Driver,Charge Zone,
TATA Curvv,85,Station_211,"Kolshet Road, Thane West",44.01595166,1.16,38.10527791,Afternoon,Saturday,73.34621767,78.15992983,78.11937778,5.879536154,Level 2,Casual Driver,Jio-bp Pulse - Kolshet,Jio-bp Pulse
TATA Nexon,60.65969098,Station_329,"Powai Plaza Mall Parking, Powai, Mumbai",66.09153403,1.76,37.60056306,Evening,Tuesday,42.30136724,70.72631713,167.6635291,9.953924429,Level 2,Casual Driver,Fortum - Powai Plaza,Fortum
MG Comet,50,Station_63,"Priyadarshini Park, Mumbai",44.88676331,1.55,28.9773945,Morning,Tuesday,81.95826164,70.54283762,184.6899633,22.75372165,DC Fast Charger,Long-Distance Traveler,Jio-bp Pulse - Napean Sea Road,Jio-bp Pulse
TATA Curvv,100,Station_62,"Next to Bharat Diamond Bourse, BKC, Mumbai",58.94085857,1.35,43.7022121,Night,Saturday,82.3603313,92.03577294,81.18290074,19.45757653,Level 2,Long-Distance Traveler,Statiq - Bandra Kurla Complex,Statiq
MG Comet,109.7951283,Station_100,"527, Building No-2, SRA Cooperative Society, Prabhadevi, near Ahuja Towers, Mumbai",10.03981781,,26.50712322,Evening,Monday,35.98360523,70.68328884,81.8210813,35.14516183,Level 1,Long-Distance Traveler,VoltaPoint Charging Station,VoltaPoint
MG Comet,85,Station_17,"36, SV Rd, Santosh Nagar, Bandra West, Mumbai, Maharashtra 400050",29.75838484,1.01,29.38504741,Morning,Sunday,10.81390545,36.54836012,51.2023181,-1.353331502,DC Fast Charger,Casual Driver,"IOCL Kini Causway, Bandra",
MG Comet,75,Station_325,"Kohinoor Square, Kasaravadi, Dadar, Mumbai, Maharashtra",69.59647496,4.68,14.86068898,Afternoon,Tuesday,60.63891762,73.00925296,288.9795541,73.16958797,DC Fast Charger,Long-Distance Traveler,Kohinoor MCGM parking,
TATA Nexon,100,Station_246,"157, Jeevan Bima Marg, Backbay Reclamation, Churchgate, Mumbai, Maharashtra 400020, India",8.234584116,0.19,43.81287256,Morning,Sunday,23.35890824,97.66158482,298.7188568,38.56896076,Level 2,Commuter,HP Super Service DC Charging Station,
Hyundai Kona,62,Station_196,"Near to Orion Mall/ New Panvel Bridge, Old, Mumbai - Pune Expy,",40.78700348,3.7,11.03185075,Morning,Thursday,68.76134194,55.14615868,159.6155014,-0.658493238,Level 1,Long-Distance Traveler,HOTEL REDWINGS CASTLE,
MG Comet,82.66681121,Station_325,"Next to Diamond Garden, Chembur, Mumbai",18.79049305,0.49,38.26182989,Evening,Monday,41.7717522,67.06652609,136.959135,-2.736637604,Level 2,Long-Distance Traveler,Tata Power - Chembur,Tata Power
Hyundai Kona,85,Station_57,"2/7 Meghal Industrial Estate, Devidayal Road, Mulund West, Mumbai, Maharashtra 400080",34.89511327,7.15,4.881436199,Afternoon,Friday,61.53265078,89.00103781,269.88834,-6.428742353,Level 1,Casual Driver,Masstech controls Pvt ltd,
TATA Curvv,78.43167082,Station_286,"Apollo Bunder Road, Colaba, Mumbai",38.08536377,23.01,1.654937068,Evening,Saturday,11.83050192,97.6297836,135.7109313,-5.9392058,Level 1,Long-Distance Traveler,Tata Power - Gateway of India,Tata Power
TATA Curvv,85,Station_279,"LBS Marg, Near Mulund Station, Mulund West, Mumbai",68.56767861,4.16,16.475471,Afternoon,Saturday,68.27370384,93.5739471,92.04491203,-9.831678296,Level 1,Casual Driver,ChargeZone - Mulund,ChargeZone
TATA Curvv,75,Station_408,"LBS Marg, Near Bhandup Station, Mumbai",59.76831247,1.7,35.05498942,Evening,Monday,81.95499699,59.94650611,166.3327651,18.16464336,Level 2,Long-Distance Traveler,Magenta ChargeGrid - Bhandup,Magenta
TATA Curvv,62,Station_188,"Entrance Gate 3, Phoenix Market City, Lal Bahadur Shastri Rd, Kurla West, Mumbai",36.70152016,1.92,19.12193264,Evening,Sunday,26.34819844,95.16288707,49.55082743,30.28584754,Level 1,Casual Driver,Phoenix Market City Charging Station,ChargeZone
TATA Curvv,75,Station_76,"Anushakti Nagar, Trombay, Mumbai",15.72955117,0.41,38.31515901,Morning,Friday,10.87427192,80.29223804,279.0313759,10.75337783,Level 2,Long-Distance Traveler,Magenta ChargeGrid - Trombay,Magenta
Hyundai Kona,85,Station_148,"Taloja MIDC, Navi Mumbai",34.07799973,2.71,12.59762021,Night,Monday,70.12447702,61.59652123,136.959135,5.369915824,Level 1,Commuter,Magenta ChargeGrid - Taloja,Magenta
MG Comet,50,Station_315,"Bhayandar West Station Parking, Mumbai",23.19329022,0.73,31.98319246,Night,Sunday,72.88118471,86.93554787,181.0498499,17.07536932,Level 1,Casual Driver,Magenta ChargeGrid - Bhayandar,Magenta
MG Comet,75,Station_380,"Dahisar East Station, Mumbai",9.206012695,0.19,47.65616728,Afternoon,Friday,25.18431669,80.23578041,200.8832181,20.77797923,Level 2,Commuter,ChargeZone - Dahisar,ChargeZone
MG Comet,100,Station_342,"1059/1060, Adarsh nagar, near infinity mall, Off New Link Road, Andheri West, Mumbai, Maharashtra 400053",56.1150925,10.22,5.488039505,Morning,Wednesday,22.3498793,80.08848452,81.9684014,36.59253901,Level 1,Commuter,"Inderjit Cars, Andheri West",
TATA Tiago,50,Station_146,"Near Vikhroli Station East, Mumbai",15.89873423,0.39,40.44452193,Evening,Saturday,46.21839949,60.72812099,211.552868,-5.068598814,Level 1,Long-Distance Traveler,Tata Power - Vikhroli,Tata Power
TATA Tiago,85,Station_368,"Linking Road, Opp National College, Bandra West, Mumbai",41.15701391,0.89,46.12968887,Morning,Friday,31.46784538,77.45210904,125.7627772,29.4542124,Level 2,Casual Driver,Ather Grid - Bandra West,Ather
TATA Curvv,62,Station_27,"Malad West, Mumbai",90.23550358,18.64,4.841450613,Afternoon,Saturday,70.55201083,50.51807735,102.7551583,36.3683292,Level 1,Long-Distance Traveler,EVteQ - Malad,EVteQ
TATA Curvv,62,Station_220,"Sakinaka Junction, Andheri East, Mumbai",18.10247227,0.44,41.55273261,Night,Tuesday,33.30088316,99.70093459,51.23943381,1.102630909,DC Fast Charger,Casual Driver,EVteQ - Sakinaka,EVteQ
Hyundai Kona,62,Station_72,"Carnival Cinemas Imax, Anik Wadala Link Rd, Bhakti Park, Wadala, Mumbai, Maharashtra ,Worli",79.97267191,2.13,37.46218915,Morning,Sunday,75.82897475,67.97645022,117.6978933,16.05241314,Level 1,Casual Driver,Carnival Cinemas Imax,
TATA Tiago,50,Station_310,"1059/1060, Adarsh nagar, near infinity mall, Off New Link Road, Andheri West, Mumbai, Maharashtra 400053",5.163807088,0.98,5.265203285,Night,Monday,32.17142733,56.72395742,45.40059866,-9.824574766,DC Fast Charger,Casual Driver,"Inderjit Cars, Andheri West",
Hyundai Kona,85,Station_200,"Chincholi Bunder Road, New Link Rd, Malad West, Mumbai, Maharashtra 400064",45.45344885,1.61,28.19404206,Night,Sunday,18.30616688,66.42847642,131.054241,28.51369445,DC Fast Charger,Commuter,Evershine Mall Charging Station,
TATA Curvv,75,Station_35,"Borivali West, Mumbai",59.16864336,3.89,15.22251353,Afternoon,Thursday,50.51010597,68.59776437,156.8102394,29.06368772,DC Fast Charger,Long-Distance Traveler,ATUM Charge - Borivali,ATUM
TATA Curvv,100,Station_158,"Maker Maxity, BKC, Mumbai",77.12500791,1.96,39.42909617,Morning,Friday,62.32264056,81.40719887,272.7951713,-3.663579909,Level 1,Casual Driver,Magenta ChargeGrid - Bandra Kurla Complex 2,Magenta
TATA Tiago,100,Station_4,"Tata Power Dharavi Colony labour camp dharavi ,Matunga ,Mumbai 400019",8.28243854,0.75,11.01799661,Morning,Sunday,76.66998194,62.00647452,216.5024785,-2.64529743,DC Fast Charger,Commuter,"Tata Power, Dharavi Colony",
Hyundai Kona,100,Station_88,"D298, TTC Industrial area, turbhe",27.70606779,0.61,45.32674459,Afternoon,Tuesday,46.48302919,98.62734402,104.8616728,19.02928781,Level 1,Commuter,Lifeon Industries,
Hyundai Kona,50,Station_108,"Opposite S.L.Raheja Hospital, Mahim Causeway, Mahim (West), Raheja Hospital Marg, Mumbai, Maharashtra",5.755524649,0.15,39.1270254,Evening,Monday,63.6155687,73.80735045,107.6690443,18.9627122,DC Fast Charger,Commuter,Xavier Institute of Engineering,
Hyundai Kona,100,Station_380,"Next to Infinity Mall, New Link Rd, Malad West, Mumbai",9.206012695,0.62,14.83291702,Morning,Thursday,46.60793046,66.14678806,280.5436854,18.45594163,DC Fast Charger,Casual Driver,Magenta ChargeGrid - Malad,Magenta
TATA Nexon,75,Station_450,"Western Express Hwy, Yashodham, Goregaon, Mumbai, Maharashtra 400063",72.94073166,5.28,13.82503559,Night,Friday,44.08631935,61.93725052,19.30831574,38.66696331,DC Fast Charger,Casual Driver,"Oberoi Mall, Goregaon",
Hyundai Kona,50,Station_108,"Sakinaka Junction, Andheri East, Mumbai",47.49433927,2.19,21.67222574,Afternoon,Saturday,58.68736693,84.96009646,116.6550785,-3.112536169,DC Fast Charger,Casual Driver,EVteQ - Sakinaka,EVteQ
MG Comet,86.71809382,Station_162,"Rani Baug Entrance, Byculla East, Mumbai",61.63104966,3.02,20.39119229,Night,Wednesday,23.35781808,96.40888301,83.91991846,-6.983337242,Level 1,Long-Distance Traveler,Tata Power - Byculla,Tata Power
MG Comet,75,Station_357,"Fortune Cars, Navi Mumbai, Plot No. D-400, TTC Industrial Area, MIDC, Near Uran Phata Signal, Nerul, Navi Mumbai, Maharashtra - 400706",77.63234569,6.94,11.17901456,Evening,Friday,54.6438593,58.01818478,101.4029122,2.21108395,DC Fast Charger,Commuter,Tata Power,
Hyundai Kona,54.03223627,Station_145,"Panvel Railway Station East, Navi Mumbai",21.27074191,0.53,40.17685077,Morning,Saturday,23.97110918,90.94302581,75.72756439,31.34685759,DC Fast Charger,Commuter,Tata Power - New Panvel,Tata Power
TATA Nexon,50,Station_376,"Borosil Plot,off, Makwana Rd, Marol, Andheri East, Mumbai, Maharashtra",12.89314236,0.74,17.34136646,Morning,Wednesday,78.39287123,78.81590749,88.54041811,20.05511243,Level 2,Casual Driver,Vasant oasis,
TATA Nexon,62,Station_231,"World Trade Centre One, Lower Parel, Mumbai",43.4665651,1.19,36.60130618,Night,Wednesday,76.9602295,83.75662148,11.76940925,12.23564457,Level 1,Commuter,Fortum - Lower Parel,Fortum
MG Comet,50,Station_393,"Santacruz West, Next to Railway Station, Mumbai",43.12603812,7.48,5.766635774,Morning,Friday,69.61870824,77.39673449,167.617392,31.05761684,Level 2,Commuter,ATUM Charge - Santacruz,ATUM
TATA Tiago,62,Station_24,"Near Ghatkopar Metro Station, Ghatkopar West, Mumbai",11.32191413,0.28,39.95811626,Morning,Saturday,59.77588685,53.00916603,111.6990822,-0.886886899,Level 1,Long-Distance Traveler,Magenta ChargeGrid - Ghatkopar,Magenta
MG Comet,50,Station_486,"Marol Naka Metro Station, Andheri East, Mumbai",26.58671022,1.09,24.45076324,Afternoon,Tuesday,77.97541226,91.45202017,191.3873015,5.320091462,Level 1,Long-Distance Traveler,Volttic Charging - Marol,Volttic
TATA Tiago,75,Station_259,"Sakinaka Junction, Andheri East, Mumbai",5.892835164,0.14,40.77682699,Afternoon,Saturday,12.90517915,57.54316927,100.990055,16.89229648,Level 2,Commuter,EVteQ - Sakinaka,EVteQ
Hyundai Kona,100,Station_296,"Pay & Park, Central Ave, Hiranandani Gardens, Powai, Mumbai, Maharashtra 400076",47.67827375,1.26,37.74994618,Night,Monday,75.29020927,67.25319331,268.6951245,27.78096351,Level 1,Long-Distance Traveler,"Brookfield, Powai",
TATA Nexon,75,Station_302,"Mankhurd Railway Station, Mumbai",61.11752874,1.64,37.24649566,Evening,Monday,19.89094139,62.23223391,49.12266004,-2.462733809,Level 2,Commuter,Tata Power - Mankhurd,Tata Power
TATA Curvv,62,Station_273,"Chhatrapati Shivaji Maharaj Terminus Parking, Fort, Mumbai",26.44403312,0.98,27.1214299,Morning,Sunday,63.48160387,80.47775508,265.5605629,14.39410549,Level 1,Commuter,Magenta ChargeGrid - CST,Magenta
TATA Nexon,100,Station_420,"Devidas Lane, Shanti Ashram Borivali West, Near St.Lawrence High School, Mumbai, Maharashtra ,Borivali",42.0179595,3.16,13.30298668,Afternoon,Wednesday,55.03840485,70.45005705,1.899537885,14.64185295,DC Fast Charger,Long-Distance Traveler,MCGM Parking || Club Aquaria,
TATA Curvv,50,Station_249,"Vasai West, Palghar",28.80292498,0.63,45.51884431,Night,Friday,73.6868557,81.23277626,22.33272617,-0.257359046,DC Fast Charger,Casual Driver,Kazam - Vasai,Kazam
TATA Nexon,100,Station_180,"Kalamboli Steel Market Junction, Navi Mumbai",85.03985431,3.18,26.7265968,Evening,Sunday,32.36280196,55.98865792,279.866718,22.66992027,Level 1,Casual Driver,VoltaPoint - Kalamboli Highway,VoltaPoint
MG Comet,50,Station_66,"12th Road, Above Upadhyaya Nursing Home, Santacruz East, Mumbai, Maharashtra",47.76784734,1.45,32.99434153,Night,Thursday,13.70945351,97.58940532,221.5358281,15.36325798,Level 1,Long-Distance Traveler,Moiz Apartments,Tata Power
TATA Curvv,62,Station_308,"Phoenix Mills Compound, Lower Parel, Mumbai",57.45442117,1.61,35.73022937,Morning,Sunday,32.34187153,89.61714559,57.28951047,33.49059845,Level 2,Casual Driver,Statiq - Parel,Statiq
Hyundai Kona,50,Station_171,"Plot 1, Sector 21, Nerul, Navi Mumbai",49.53480946,1.18,42.13698966,Night,Sunday,79.74068238,53.90525935,279.4386696,4.52437496,DC Fast Charger,Casual Driver,EV Point - Navi Mumbai,EV Point
TATA Curvv,62,Station_107,"World Trade Centre One, Lower Parel, Mumbai",8.315805795,0.71,11.73724408,Morning,Tuesday,38.55338957,56.84768446,271.5255302,35.82177611,Level 2,Long-Distance Traveler,Fortum - Lower Parel,Fortum
MG Comet,50,Station_439,"RB Mehta Marg, Chembur East, Mumbai",10.18500019,0.34,29.83066536,Evening,Monday,63.63470753,22.88625804,83.87373833,26.52415548,Level 1,Commuter,Magenta ChargeGrid - Chembur,Magenta
TATA Tiago,85,Station_442,"Unit 20-22, Laxmi Woollen Mill, Opposite Blue Loft, Dr E Moses Marg, Off, Shakti Mills Ln, Mahalakshmi, Mumbai",21.7953825,0.58,37.7362187,Night,Saturday,55.13436223,68.54740388,39.03998202,-4.052803771,Level 2,Long-Distance Traveler,Blue Tokai Coffee,
Hyundai Kona,81.06203029,Station_103,"36, SV Rd, Santosh Nagar, Bandra West, Mumbai, Maharashtra 400050",43.4665651,3.22,13.48724207,Morning,Friday,83.09120694,76.50122128,11.25666178,13.73785617,Level 1,Long-Distance Traveler,"IOCL Kini Causway, Bandra",
Hyundai Kona,50,Station_13,"Eastern Express Hwy, Near Viviana Mall, Thane, Mumbai",74.27670058,2.96,25.07354432,Night,Tuesday,41.34406167,50.41234126,194.7935439,7.731967314,Level 2,Commuter,Kazam - Thane,Kazam
TATA Curvv,75,Station_120,"4 Wheeler Parking area Godrej One Pirojshanagar, Eastern Express Highway, Vikhroli u00e2u0080u0093 East, Mumbai u00e2u0080u0093 400079",39.73385255,1.86,21.39560578,Morning,Tuesday,55.863615,85.12226222,136.959135,24.10895296,Level 1,Casual Driver,"Godrej One, Vikhroli",
